{
    "MlibObjs": {},
    "SIMBData": {
        "out": "amcQwB.o",
        "bytes": 88008
    },
    "LVLData": [
        "SIM"
    ],
    "stat": {
        "ru_self_cgstart": {
            "ru_utime_sec": 0.39641900000000002,
            "ru_stime_sec": 0.060367999999999998,
            "ru_maxrss_kb": 61772,
            "ru_minflt": 15962,
            "ru_nvcsw": 273,
            "ru_majflt": 0,
            "ru_nivcsw": 13
        },
        "nQuads": 319,
        "ru_childs_cgstart": {
            "ru_utime_sec": 0.001222,
            "ru_stime_sec": 0.0089079999999999993,
            "ru_maxrss_kb": 17352,
            "ru_minflt": 2239,
            "ru_nvcsw": 6,
            "ru_majflt": 0,
            "ru_nivcsw": 8
        },
        "totalObjSize": 117839,
        "ru_self_end": {
            "ru_utime_sec": 0.41354200000000002,
            "ru_stime_sec": 0.092235999999999999,
            "ru_maxrss_kb": 68568,
            "ru_minflt": 19116,
            "ru_nvcsw": 412,
            "ru_majflt": 0,
            "ru_nivcsw": 14
        },
        "nMops": 772,
        "mop/quad": 2.4200626959247651,
        "ru_childs_end": {
            "ru_utime_sec": 0.095240000000000005,
            "ru_stime_sec": 0.058498000000000001,
            "ru_maxrss_kb": 34052,
            "ru_minflt": 13132,
            "ru_nvcsw": 125,
            "ru_majflt": 0,
            "ru_nivcsw": 8
        },
        "outputSizePerQuad": 369.0,
        "mopSpeed": 45085.557437364951,
        "quadSpeed": 18629.912982538106,
        "Frontend(%)": 95.859429030183151,
        "CodeGen(%)": 4.1405709698168502
    },
    "PrevCompiledModules": {
        "ripple_carry_adder_0000": {
            "nr2NV_d": {
                "mode": 4,
                "bytes": 25915,
                "checksum": 4294967295,
                "mod": "ripple_carry_adder_0000",
                "out": "nr2NV_d.o",
                "archive": "archive.9/_prev_archive_1.a"
            }
        },
        "addr_translate_RAM": {
            "A8YZN_d": {
                "mode": 4,
                "bytes": 15686,
                "checksum": 4294967295,
                "mod": "addr_translate_RAM",
                "out": "A8YZN_d.o",
                "archive": "archive.9/_prev_archive_1.a"
            }
        },
        "ALTERA_DEVICE_FAMILIES": {
            "uFC8u_d": {
                "mode": 4,
                "bytes": 424109,
                "checksum": 4294967295,
                "mod": "ALTERA_DEVICE_FAMILIES",
                "out": "uFC8u_d.o",
                "archive": "archive.9/_prev_archive_1.a"
            }
        },
        "_vcs_unit__546175923": {
            "fAMCB_d": {
                "mode": 4,
                "bytes": 51402,
                "checksum": 4294967295,
                "mod": "_vcs_unit__546175923",
                "out": "fAMCB_d.o",
                "archive": "archive.9/_prev_archive_1.a"
            }
        },
        "addr_translate_ROM": {
            "I9T3V_d": {
                "mode": 4,
                "bytes": 16726,
                "checksum": 4294967295,
                "mod": "addr_translate_ROM",
                "out": "I9T3V_d.o",
                "archive": "archive.9/_prev_archive_1.a"
            }
        },
        "ALTERA_MF_MEMORY_INITIALIZATION": {
            "er73t_d": {
                "mode": 4,
                "bytes": 183356,
                "checksum": 4294967295,
                "mod": "ALTERA_MF_MEMORY_INITIALIZATION",
                "out": "er73t_d.o",
                "archive": "archive.9/_prev_archive_1.a"
            }
        },
        "Core": {
            "fsHFs_d": {
                "mode": 4,
                "bytes": 223451,
                "checksum": 4294967295,
                "mod": "Core",
                "archive": "archive.9/_371_archive_1.a",
                "out": "fsHFs_d.o"
            }
        },
        "std": {
            "reYIK_d": {
                "mode": 4,
                "bytes": 35440,
                "checksum": 4294967295,
                "mod": "std",
                "out": "reYIK_d.o",
                "archive": "archive.9/_prev_archive_1.a"
            }
        },
        "countFSM": {
            "Bb4h8_d": {
                "mode": 4,
                "bytes": 17663,
                "checksum": 4294967295,
                "mod": "countFSM",
                "out": "Bb4h8_d.o",
                "archive": "archive.9/_prev_archive_1.a"
            }
        },
        "IO_register_file": {
            "e2KCL_d": {
                "mode": 4,
                "bytes": 40848,
                "checksum": 4294967295,
                "mod": "IO_register_file",
                "out": "e2KCL_d.o",
                "archive": "archive.9/_prev_archive_1.a"
            }
        },
        "convert_1c_2c": {
            "EHhqJ_d": {
                "mode": 4,
                "bytes": 27766,
                "checksum": 4294967295,
                "mod": "convert_1c_2c",
                "out": "EHhqJ_d.o",
                "archive": "archive.9/_prev_archive_1.a"
            }
        },
        "TB": {
            "sH4Fc_d": {
                "mode": 4,
                "bytes": 18736,
                "checksum": 4294967295,
                "mod": "TB",
                "archive": "archive.9/_360_archive_1.a",
                "out": "sH4Fc_d.o"
            }
        },
        "counter": {
            "MQn6b_d": {
                "mode": 4,
                "bytes": 9916,
                "checksum": 4294967295,
                "mod": "counter",
                "out": "MQn6b_d.o",
                "archive": "archive.9/_prev_archive_1.a"
            }
        },
        "agc_rom_new": {
            "YaxfH_d": {
                "mode": 4,
                "bytes": 8542,
                "checksum": 4294967295,
                "mod": "agc_rom_new",
                "out": "YaxfH_d.o",
                "archive": "archive.9/_prev_archive_1.a"
            }
        },
        "full_adder": {
            "BEdzp_d": {
                "mode": 4,
                "bytes": 12325,
                "checksum": 4294967295,
                "mod": "full_adder",
                "out": "BEdzp_d.o",
                "archive": "archive.9/_prev_archive_1.a"
            }
        },
        "...MASTER...": {
            "amcQw_d": {
                "mode": 4,
                "bytes": 11159,
                "checksum": 4294967295,
                "mod": "...MASTER...",
                "out": "objs/amcQw_d.o"
            }
        },
        "agc_ram": {
            "DvDiU_d": {
                "mode": 4,
                "bytes": 131319,
                "checksum": 4294967295,
                "mod": "agc_ram",
                "out": "DvDiU_d.o",
                "archive": "archive.9/_prev_archive_1.a"
            }
        },
        "altsyncram_0000": {
            "Q0s3L_d": {
                "mode": 4,
                "bytes": 151619,
                "checksum": 4294967295,
                "mod": "altsyncram_0000",
                "out": "Q0s3L_d.o",
                "archive": "archive.9/_prev_archive_1.a"
            }
        },
        "decoder": {
            "zf0bY_d": {
                "mode": 4,
                "bytes": 10211,
                "checksum": 4294967295,
                "mod": "decoder",
                "out": "zf0bY_d.o",
                "archive": "archive.9/_prev_archive_1.a"
            }
        }
    },
    "NameTable": {
        "_vcs_unit__546175923": [
            "_vcs_unit__546175923",
            "fAMCB",
            "module"
        ],
        "addr_translate_ROM": [
            "addr_translate_ROM",
            "I9T3V",
            "module"
        ],
        "countFSM": [
            "countFSM",
            "Bb4h8",
            "module"
        ],
        "std": [
            "std",
            "reYIK",
            "module"
        ],